id,name,dob,age,bloodGroup,img
1,Erin Lee,1963-01-31,40,A+,https://randomuser.me/api/portraits/women/1.jpg
2,Cassandra Smith,2001-11-29,77,AB-,https://randomuser.me/api/portraits/men/2.jpg
3,Matthew Gonzalez,1962-12-12,60,A+,https://randomuser.me/api/portraits/women/3.jpg
4,Brandon Farley,1978-12-29,65,B+,https://randomuser.me/api/portraits/men/4.jpg
5,Cory Russell,1961-12-04,46,AB+,https://randomuser.me/api/portraits/women/5.jpg
6,Tanya Singh,1989-12-29,31,A+,https://randomuser.me/api/portraits/men/6.jpg
7,Miss Miranda Higgins,2003-03-27,30,B+,https://randomuser.me/api/portraits/women/7.jpg
8,Kimberly Mcdonald,1975-08-29,64,AB-,https://randomuser.me/api/portraits/men/8.jpg
9,David Stout Jr.,1973-05-15,53,B+,https://randomuser.me/api/portraits/women/9.jpg
10,Kristy Garcia,2006-03-01,36,A-,https://randomuser.me/api/portraits/men/10.jpg
11,Pamela Alvarado,1948-05-23,59,A+,https://randomuser.me/api/portraits/women/11.jpg
12,Mrs. Kelly Gonzalez,2003-06-23,59,O+,https://randomuser.me/api/portraits/men/12.jpg
13,Angela Clark,1957-03-12,74,AB+,https://randomuser.me/api/portraits/women/13.jpg
14,Gregory Farmer,1959-10-29,51,O-,https://randomuser.me/api/portraits/men/14.jpg
15,Nicole Cobb,1973-07-28,44,A-,https://randomuser.me/api/portraits/women/15.jpg
16,Russell Schwartz,1993-12-22,69,AB-,https://randomuser.me/api/portraits/men/16.jpg
17,Bobby Gonzalez,1981-06-16,48,O-,https://randomuser.me/api/portraits/women/17.jpg
18,Kathy Le,1957-12-18,52,AB-,https://randomuser.me/api/portraits/men/18.jpg
19,Elizabeth Turner,1951-10-22,54,A+,https://randomuser.me/api/portraits/women/19.jpg
20,Robert Smith,1956-01-10,32,O+,https://randomuser.me/api/portraits/men/20.jpg
21,Cynthia Kelley,2006-08-11,38,A+,https://randomuser.me/api/portraits/women/21.jpg
22,Nicolas Joseph,1984-10-24,64,O+,https://randomuser.me/api/portraits/men/22.jpg
23,Matthew Mcdaniel,1947-09-15,37,AB-,https://randomuser.me/api/portraits/women/23.jpg
24,Miss Jennifer Carlson MD,1964-07-17,74,B+,https://randomuser.me/api/portraits/men/24.jpg
25,Tina Morrison,2003-04-10,18,B+,https://randomuser.me/api/portraits/women/25.jpg
26,Jennifer Brown,2001-09-29,27,AB+,https://randomuser.me/api/portraits/men/26.jpg
27,Janet Bowman,2005-10-04,25,B-,https://randomuser.me/api/portraits/women/27.jpg
28,Michele Martin,1975-01-21,52,O-,https://randomuser.me/api/portraits/men/28.jpg
29,Krystal Martin,1995-10-14,58,AB-,https://randomuser.me/api/portraits/women/29.jpg
30,James Huerta,2002-01-01,35,A-,https://randomuser.me/api/portraits/men/30.jpg
31,Janet Harris,1960-04-08,55,A-,https://randomuser.me/api/portraits/women/31.jpg
32,Matthew Riley,1982-04-15,24,AB+,https://randomuser.me/api/portraits/men/32.jpg
33,Gary Sharp,1964-01-13,50,A-,https://randomuser.me/api/portraits/women/33.jpg
34,Melody Robinson,1982-08-18,60,B-,https://randomuser.me/api/portraits/men/34.jpg
35,Susan Flynn MD,1999-09-19,47,B-,https://randomuser.me/api/portraits/women/35.jpg
36,Kenneth Roberts,1962-03-08,38,AB+,https://randomuser.me/api/portraits/men/36.jpg
37,Andrew Gonzales,1968-02-10,54,O+,https://randomuser.me/api/portraits/women/37.jpg
38,Gregory Francis,1955-07-30,40,B-,https://randomuser.me/api/portraits/men/38.jpg
39,Cindy Hopkins,1968-09-22,50,B+,https://randomuser.me/api/portraits/women/39.jpg
40,Courtney Parker,1947-08-21,59,AB-,https://randomuser.me/api/portraits/men/40.jpg
41,Jillian Edwards,1955-08-09,74,O+,https://randomuser.me/api/portraits/women/41.jpg
42,Dr. Brandon Garcia,1973-09-17,20,B+,https://randomuser.me/api/portraits/men/42.jpg
43,Jessica Woods,1952-08-24,80,O-,https://randomuser.me/api/portraits/women/43.jpg
44,Kelsey Jones,1975-02-20,53,O-,https://randomuser.me/api/portraits/men/44.jpg
45,Jason Thomas,1983-02-06,47,O+,https://randomuser.me/api/portraits/women/45.jpg
46,William Newman,1994-07-18,27,B-,https://randomuser.me/api/portraits/men/46.jpg
47,Deanna Anderson,1949-08-29,78,A-,https://randomuser.me/api/portraits/women/47.jpg
48,Amy White,1989-11-04,70,O-,https://randomuser.me/api/portraits/men/48.jpg
49,Keith Peters,1954-11-20,22,AB-,https://randomuser.me/api/portraits/women/49.jpg
50,Michael Tate,1951-09-20,27,B-,https://randomuser.me/api/portraits/men/50.jpg
51,Jamie Cox,1958-03-29,45,O-,https://randomuser.me/api/portraits/women/51.jpg
52,George Morgan,1946-11-25,29,B+,https://randomuser.me/api/portraits/men/52.jpg
53,Sara Chavez,1958-09-20,35,B-,https://randomuser.me/api/portraits/women/53.jpg
54,Jose Mcdowell,2003-06-03,52,B-,https://randomuser.me/api/portraits/men/54.jpg
55,Debbie Barrett,2001-10-04,30,B-,https://randomuser.me/api/portraits/women/55.jpg
56,William Frederick,1979-05-19,28,AB-,https://randomuser.me/api/portraits/men/56.jpg
57,Gregory Wallace,1948-10-07,37,O-,https://randomuser.me/api/portraits/women/57.jpg
58,Samuel Arnold,1990-04-02,68,B-,https://randomuser.me/api/portraits/men/58.jpg
59,Ms. Diane Burns,1965-09-05,63,O+,https://randomuser.me/api/portraits/women/59.jpg
60,Sara Black,1969-12-23,71,O+,https://randomuser.me/api/portraits/men/60.jpg
61,Mikayla Perry,1945-03-10,63,A-,https://randomuser.me/api/portraits/women/61.jpg
62,Connie Kim,1985-04-11,41,A+,https://randomuser.me/api/portraits/men/62.jpg
63,Michelle Miller,1944-12-20,21,A+,https://randomuser.me/api/portraits/women/63.jpg
64,Zachary Reynolds,1978-08-29,19,B-,https://randomuser.me/api/portraits/men/64.jpg
65,Carolyn Mcclure,1986-02-12,26,O-,https://randomuser.me/api/portraits/women/65.jpg
66,Amanda Sellers,1956-12-18,39,A-,https://randomuser.me/api/portraits/men/66.jpg
67,Anthony Stone,1999-11-02,50,O-,https://randomuser.me/api/portraits/women/67.jpg
68,Michael Campbell,1950-05-08,30,O+,https://randomuser.me/api/portraits/men/68.jpg
69,David Perez,2000-11-21,67,A-,https://randomuser.me/api/portraits/women/69.jpg
70,Michael Garcia,1992-02-07,40,A+,https://randomuser.me/api/portraits/men/70.jpg
71,Ms. Lisa Byrd,1947-09-11,22,A+,https://randomuser.me/api/portraits/women/71.jpg
72,Roger Casey,1970-11-13,23,A-,https://randomuser.me/api/portraits/men/72.jpg
73,Timothy Alvarez,1981-12-03,42,A+,https://randomuser.me/api/portraits/women/73.jpg
74,Kyle Townsend,1980-08-28,30,AB+,https://randomuser.me/api/portraits/men/74.jpg
75,Dakota Espinoza,1971-10-15,72,AB+,https://randomuser.me/api/portraits/women/75.jpg
76,Sara Aguilar,1971-05-29,44,A+,https://randomuser.me/api/portraits/men/76.jpg
77,Edward Rodriguez,1975-09-11,65,A-,https://randomuser.me/api/portraits/women/77.jpg
78,Dakota Day,1946-09-03,77,O-,https://randomuser.me/api/portraits/men/78.jpg
79,Eric Thompson,1947-08-15,68,AB+,https://randomuser.me/api/portraits/women/79.jpg
80,Bridget Harrison,1955-04-03,71,A-,https://randomuser.me/api/portraits/men/80.jpg
81,Lori King DVM,1972-06-18,18,B-,https://randomuser.me/api/portraits/women/81.jpg
82,Kevin Buchanan,1987-02-10,37,AB-,https://randomuser.me/api/portraits/men/82.jpg
83,Jill Davis,2005-12-08,65,O-,https://randomuser.me/api/portraits/women/83.jpg
84,Melissa Guzman,1980-11-08,65,A+,https://randomuser.me/api/portraits/men/84.jpg
85,Kathryn Steele,1965-06-16,18,B-,https://randomuser.me/api/portraits/women/85.jpg
86,Keith Wilcox,1945-03-21,31,O-,https://randomuser.me/api/portraits/men/86.jpg
87,Audrey Munoz,1990-03-20,28,AB+,https://randomuser.me/api/portraits/women/87.jpg
88,Christopher Miranda,1989-10-10,47,O+,https://randomuser.me/api/portraits/men/88.jpg
89,Joseph Howard,1967-06-17,33,O-,https://randomuser.me/api/portraits/women/89.jpg
90,Anthony Oliver,1965-04-30,33,O+,https://randomuser.me/api/portraits/men/90.jpg
91,David Williams,1993-12-17,49,B-,https://randomuser.me/api/portraits/women/91.jpg
92,Natalie Gutierrez,1989-04-12,75,B-,https://randomuser.me/api/portraits/men/92.jpg
93,Darlene Rivas,1983-04-29,73,A-,https://randomuser.me/api/portraits/women/93.jpg
94,Alexandra White,1944-06-19,33,AB-,https://randomuser.me/api/portraits/men/94.jpg
95,Hayley Cobb,1983-06-19,55,AB+,https://randomuser.me/api/portraits/women/95.jpg
96,Angel Diaz,1975-01-09,62,AB-,https://randomuser.me/api/portraits/men/96.jpg
97,Tyler Jimenez,2007-01-12,67,B-,https://randomuser.me/api/portraits/women/97.jpg
98,Brandon Hall,1951-01-29,51,O-,https://randomuser.me/api/portraits/men/98.jpg
99,Christopher Reynolds,1997-03-06,43,B-,https://randomuser.me/api/portraits/women/99.jpg
100,Whitney Wilson,1989-11-01,76,AB+,https://randomuser.me/api/portraits/men/0.jpg
